start_time,volume lane1,volume lane2,volume lane3,volume lane4,volume ramp1,volume ramp2,speed lane1,speed lane2,speed lane3,speed lane4
2022-06-04 00:00:00-07:00,326,391,398,176,286,149,57.58,61.6,66.02,74.74
2022-06-04 01:00:00-07:00,220,290,270,82,200,106,56.73,62.18,65.77,76.44
2022-06-04 02:00:00-07:00,99,213,204,72,52,90,58.27,61.83,66.91,77.62
2022-06-04 03:00:00-07:00,122,158,154,48,85,72,56.49,62.16,64.72,74.79
2022-06-04 04:00:00-07:00,181,172,164,50,152,104,57.04,61.88,66.43,75.2
2022-06-04 05:00:00-07:00,230,211,200,65,187,108,58.64,63.09,67.31,80.54
2022-06-04 06:00:00-07:00,267,289,387,179,151,151,58.89,63.54,67.97,77.27
2022-06-04 07:00:00-07:00,377,452,588,371,207,230,57.36,62.13,66.79,77.23
2022-06-04 08:00:00-07:00,478,565,805,552,244,261,57.28,61.82,65.97,76.54
2022-06-04 09:00:00-07:00,588,746,944,702,271,360,57.36,61.31,64.85,74.55
2022-06-04 10:00:00-07:00,773,872,1187,1006,438,482,56.81,60.94,64.45,73.99
2022-06-04 11:00:00-07:00,924,1050,1364,1387,536,535,54.53,58.86,62.03,70.85
2022-06-04 12:00:00-07:00,1144,1182,1334,1499,614,644,47.08,48.99,52.52,60.19
2022-06-04 13:00:00-07:00,1255,1238,1214,1176,674,1060,49.69,53.2,58.06,66.78
2022-06-04 14:00:00-07:00,1432,1466,1519,1712,661,1009,48.6,51.67,55.77,65.01
2022-06-04 15:00:00-07:00,1369,1421,1624,1735,723,868,52.85,56.42,60.93,69.2
2022-06-04 16:00:00-07:00,1188,1305,1442,1663,696,697,53.78,57.04,61.05,69
2022-06-04 17:00:00-07:00,1000,1187,1467,1405,510,522,52.01,55.42,59.23,69.58
2022-06-04 18:00:00-07:00,964,1127,1420,1280,388,466,51.77,54.4,58.12,68.11
2022-06-04 19:00:00-07:00,807,932,1125,978,516,443,55.21,58.36,62.56,72.93
2022-06-04 20:00:00-07:00,610,803,1045,826,421,285,54.56,57.95,61.76,72.7
2022-06-04 21:00:00-07:00,528,774,891,623,354,239,54.24,57.61,61.26,71.66
2022-06-04 22:00:00-07:00,416,672,831,530,306,187,54.64,57.69,60.81,71.13
2022-06-04 23:00:00-07:00,411,480,554,272,294,199,54.81,58.76,62.05,71.96
2022-06-05 00:00:00-07:00,281,399,434,179,277,117,55.75,59.57,62.96,72.16
2022-06-05 01:00:00-07:00,143,264,254,85,70,82,57,62.3,65.33,74.78
2022-06-05 02:00:00-07:00,69,209,216,72,30,37,58.49,61.84,66.07,74.85
2022-06-05 03:00:00-07:00,91,142,164,56,79,46,56.54,61.15,66.71,77.71
2022-06-05 04:00:00-07:00,130,167,124,34,143,55,58.29,62.48,66.02,74.09
2022-06-05 05:00:00-07:00,195,174,150,50,164,71,58.03,63.97,67.21,76.78
2022-06-05 06:00:00-07:00,225,241,247,126,190,88,60.02,64.76,69.35,79.79
2022-06-05 07:00:00-07:00,297,332,380,190,213,147,58.86,63.81,68.62,79.01
2022-06-05 08:00:00-07:00,298,429,497,242,187,154,58.54,63.49,68.3,78.17
2022-06-05 09:00:00-07:00,444,589,712,482,277,214,58.3,61.8,65.7,76.42
2022-06-05 10:00:00-07:00,659,697,959,728,380,370,58.15,62.96,66.83,77.35
2022-06-05 11:00:00-07:00,748,858,1100,901,474,429,58.45,62.19,65.59,75.44
2022-06-05 12:00:00-07:00,1139,1199,1435,1478,619,667,56.29,60.69,64.53,74.01
2022-06-05 13:00:00-07:00,1165,1195,1474,1429,649,632,54.95,59.48,63.65,73.34
2022-06-05 14:00:00-07:00,1071,1165,1359,1388,683,644,54.78,59.41,63.42,72.72
2022-06-05 15:00:00-07:00,1143,1234,1402,1412,708,676,55.46,59.98,63.77,73.38
2022-06-05 16:00:00-07:00,1141,1122,1362,1330,654,667,55.92,60.52,65,73.53
2022-06-05 17:00:00-07:00,1001,1046,1307,1291,530,551,55.43,59.48,63.04,72.84
2022-06-05 18:00:00-07:00,861,989,1219,1117,495,481,58.07,62.43,66.55,76.37
2022-06-05 19:00:00-07:00,812,885,1115,1020,570,348,56.51,60.46,64.76,75.06
2022-06-05 20:00:00-07:00,515,528,599,641,441,370,22.13,21.93,22.29,22.7
2022-06-05 21:00:00-07:00,617,683,734,567,430,275,26.92,28.61,32.84,30.45
2022-06-05 22:00:00-07:00,436,579,630,365,410,161,54.08,58.05,61.33,70.99
2022-06-05 23:00:00-07:00,363,418,454,194,314,165,55.44,59.85,63.19,73.27
2022-06-06 00:00:00-07:00,258,252,279,78,264,96,55.83,60.01,63.75,72.59
2022-06-06 01:00:00-07:00,171,202,168,34,174,85,56.32,62.12,64.87,76.5
2022-06-06 02:00:00-07:00,88,149,146,24,74,53,56.58,60.68,65.89,74.71
2022-06-06 03:00:00-07:00,117,164,140,38,102,78,55.96,61.91,66.82,76.18
2022-06-06 04:00:00-07:00,214,211,198,68,178,102,56.88,61.29,65.8,75.97
2022-06-06 05:00:00-07:00,339,327,458,265,183,195,58.76,63.31,67.36,77.59
2022-06-06 06:00:00-07:00,489,697,859,804,209,299,57.51,62.79,66.64,76.31
2022-06-06 07:00:00-07:00,665,905,1072,1038,268,446,56.15,61.43,65.05,74.74
2022-06-06 08:00:00-07:00,717,855,1040,1031,258,496,56.22,60.58,64.01,74.37
2022-06-06 09:00:00-07:00,679,778,1031,764,317,415,55.9,59.77,61.69,66.22
2022-06-06 10:00:00-07:00,768,861,1029,849,446,531,55.03,59.65,63.46,72.18
2022-06-06 11:00:00-07:00,891,982,1091,901,504,586,55.09,59.71,63.51,73.18
2022-06-06 12:00:00-07:00,1058,1020,1196,1023,640,668,54.5,58.84,63.2,72.24
2022-06-06 13:00:00-07:00,1159,1126,1243,1141,610,697,54.03,58.29,62.82,71.44
2022-06-06 14:00:00-07:00,1457,1420,1516,1609,718,885,51.72,56.97,61.08,69.82
2022-06-06 15:00:00-07:00,1711,1705,1699,1927,864,953,49.67,53.95,59.23,66.78
2022-06-06 16:00:00-07:00,1586,1620,1607,1864,741,1061,50.51,53.61,58.31,66.08
2022-06-06 17:00:00-07:00,1385,1425,1486,1659,712,900,54.06,57.95,62.46,70.67
2022-06-06 18:00:00-07:00,1144,1093,1198,1177,626,726,55.74,60.52,64.88,73.88
2022-06-06 19:00:00-07:00,897,894,993,798,494,528,56.91,62.06,65.97,75.17
2022-06-06 20:00:00-07:00,758,713,856,665,457,408,56.27,61.79,66.14,75.54
2022-06-06 21:00:00-07:00,560,632,759,549,407,316,55.43,60.3,63.96,73.86
2022-06-06 22:00:00-07:00,491,482,561,320,397,255,56.2,61.2,66.13,76.45
2022-06-06 23:00:00-07:00,501,426,452,207,406,273,57.15,62.1,66.11,76.74
2022-06-07 00:00:00-07:00,235,294,297,110,232,134,57.64,60.8,66.53,74.71
2022-06-07 01:00:00-07:00,186,198,173,65,147,133,57.61,62.08,65.95,76.03
2022-06-07 02:00:00-07:00,120,172,125,34,95,81,56.28,61.56,65.15,76.33
2022-06-07 03:00:00-07:00,152,158,141,42,111,78,57.55,61.25,65.72,78.57
2022-06-07 04:00:00-07:00,240,226,206,57,209,137,57.67,61.52,66.52,77.49
2022-06-07 05:00:00-07:00,370,378,478,275,196,213,58.39,63.76,68.24,79.13
2022-06-07 06:00:00-07:00,528,685,906,848,236,280,57.93,63.31,67.07,76.67
2022-06-07 07:00:00-07:00,691,877,1105,1081,216,400,57.17,61.93,65.58,74.97
2022-06-07 08:00:00-07:00,741,802,1013,998,238,489,56.2,61,64.72,74.11
2022-06-07 09:00:00-07:00,766,882,1103,963,328,444,54.65,59.66,63.1,72.75
2022-06-07 10:00:00-07:00,812,846,1048,807,345,538,55.62,60.39,63.57,73.25
2022-06-07 11:00:00-07:00,832,864,1025,851,462,557,55.01,59.08,63.74,71.8
2022-06-07 12:00:00-07:00,1075,999,1197,1053,623,664,54.13,59.1,63.26,72.37
2022-06-07 13:00:00-07:00,1116,1077,1258,1167,599,785,52.9,57.75,62.26,70.08
2022-06-07 14:00:00-07:00,1498,1519,1581,1770,809,1006,50.98,55.83,60.94,69.66
2022-06-07 15:00:00-07:00,1673,1686,1686,1929,1015,1139,48.88,53.08,58.04,66.2
2022-06-07 16:00:00-07:00,1628,1628,1674,1916,962,1124,48.71,51.96,57.2,65.05
2022-06-07 17:00:00-07:00,1571,1597,1640,1944,724,1001,51.88,55.32,60.16,68.07
2022-06-07 18:00:00-07:00,1176,1250,1453,1692,589,776,55.68,59.71,63.55,71.65
2022-06-07 19:00:00-07:00,913,935,1128,1010,516,454,55.8,61.7,66.18,76.16
2022-06-07 20:00:00-07:00,749,781,878,713,497,408,56.74,61.36,65.94,76.29
2022-06-07 21:00:00-07:00,539,673,786,553,369,323,57.03,61.33,65.46,75.94
2022-06-07 22:00:00-07:00,514,607,695,484,372,272,58.56,62.7,66.28,77.1
2022-06-07 23:00:00-07:00,436,447,485,242,385,263,57.36,61.66,65.89,77.41
2022-06-08 00:00:00-07:00,290,325,291,119,257,170,57.69,61.74,66.96,78.99
2022-06-08 01:00:00-07:00,237,234,201,58,186,130,56.34,62.59,67.15,77.07
2022-06-08 02:00:00-07:00,87,150,142,41,55,60,57.16,62.72,67.25,79.24
2022-06-08 03:00:00-07:00,117,158,138,33,88,82,57.27,61.19,67.94,78.06
2022-06-08 04:00:00-07:00,211,218,212,69,163,124,58.55,61.82,68.36,78
2022-06-08 05:00:00-07:00,324,379,461,298,152,200,59.05,63.85,68.32,78.69
2022-06-08 06:00:00-07:00,516,692,851,856,224,278,58.32,64.53,68.13,77.35
2022-06-08 07:00:00-07:00,727,854,1089,1131,273,479,56.31,61.62,66.07,75.16
2022-06-08 08:00:00-07:00,720,847,1085,1024,251,484,57.28,61.23,64.61,74.86
2022-06-08 09:00:00-07:00,793,802,999,894,351,436,55.39,60.28,64.48,75.23
2022-06-08 10:00:00-07:00,751,885,1091,880,411,446,55.7,60.7,64.32,73.66
2022-06-08 11:00:00-07:00,904,889,1081,907,537,614,54.93,59.15,63.79,73.48
2022-06-08 12:00:00-07:00,1050,1036,1244,1074,597,685,54.63,59.48,63.98,72.62
2022-06-08 13:00:00-07:00,1137,1192,1310,1299,735,820,52.53,57.69,61.84,70.77
2022-06-08 14:00:00-07:00,1389,1434,1506,1671,850,1030,50.96,55.57,60.23,68.52
2022-06-08 15:00:00-07:00,1674,1740,1682,1908,1199,1272,45.93,49.99,55.34,63.45
2022-06-08 16:00:00-07:00,1658,1669,1684,1824,1160,1141,37.88,38.81,42.03,46.67
2022-06-08 17:00:00-07:00,1619,1615,1726,1836,963,1221,43.05,45.44,49.83,55.08
2022-06-08 18:00:00-07:00,1301,1324,1446,1578,661,813,54.72,58.41,62.84,71.45
2022-06-08 19:00:00-07:00,980,1038,1254,1249,550,529,56.59,61.29,65.73,74.88
2022-06-08 20:00:00-07:00,788,836,977,789,491,430,56.47,62.16,66.55,76.57
2022-06-08 21:00:00-07:00,647,760,848,677,427,403,55.99,59.91,63.73,74.03
2022-06-08 22:00:00-07:00,450,551,624,413,364,248,56.95,61.27,64.99,74.68
2022-06-08 23:00:00-07:00,468,467,473,243,438,258,56.7,60.36,65.21,76.02
2022-06-09 00:00:00-07:00,317,312,321,120,309,144,57.73,61.65,65.64,75.01
2022-06-09 01:00:00-07:00,224,244,218,68,186,147,56.22,61.53,64.9,77.54
2022-06-09 02:00:00-07:00,105,180,162,37,65,103,57.68,61.52,65.57,73.4
2022-06-09 03:00:00-07:00,118,166,133,46,83,94,57,61.45,65.54,76.95
2022-06-09 04:00:00-07:00,232,246,220,84,181,138,58.59,62.16,65.4,78.33
2022-06-09 05:00:00-07:00,313,350,460,286,154,219,57.92,63.05,68.23,78.85
2022-06-09 06:00:00-07:00,524,667,851,808,219,315,58.4,63.25,67.68,77.23
2022-06-09 07:00:00-07:00,672,810,1074,1123,265,412,57.06,62.28,66.2,76.03
2022-06-09 08:00:00-07:00,699,793,1002,975,308,495,55.99,61.39,65.14,74.43
2022-06-09 09:00:00-07:00,782,811,1068,913,427,516,55.56,60.37,64.16,73.48
2022-06-09 10:00:00-07:00,780,891,1101,906,427,522,56.27,60.1,63.75,73.86
2022-06-09 11:00:00-07:00,925,920,1137,936,528,624,54.92,59.77,63.74,73.41
2022-06-09 12:00:00-07:00,1081,1047,1179,1122,680,639,54.09,58.79,63.14,72.61
2022-06-09 13:00:00-07:00,1216,1178,1356,1332,821,717,53.3,57.57,62.04,71.28
2022-06-09 14:00:00-07:00,1459,1470,1541,1749,845,1029,48.53,52.36,56.97,65.37
2022-06-09 15:00:00-07:00,1588,1603,1646,1782,1230,1190,36.51,37.74,39.13,42.93
2022-06-09 16:00:00-07:00,1666,1711,1640,1787,1315,1101,37.52,39.32,41.31,46.7
2022-06-09 17:00:00-07:00,1554,1613,1629,1729,1108,1163,35.23,36.46,39.06,43.05
2022-06-09 18:00:00-07:00,1313,1359,1448,1706,726,906,45.95,48.76,52.26,59.03
2022-06-09 19:00:00-07:00,1029,1064,1310,1286,580,548,48.13,49.73,53.26,61.42
2022-06-09 20:00:00-07:00,762,862,1066,791,516,420,53.26,55.77,59.62,69.64
2022-06-09 21:00:00-07:00,575,751,872,637,406,304,55.2,59.24,62.77,73.33
2022-06-09 22:00:00-07:00,491,571,689,390,442,280,55.54,60.01,63.33,74.39
2022-06-09 23:00:00-07:00,380,373,436,219,302,225,55.07,59.96,64.46,75.4
2022-06-10 00:00:00-07:00,291,324,314,104,,,55.14,59.59,64.24,74.99
2022-06-10 01:00:00-07:00,203,224,224,65,148,132,54.5,60.51,63.08,71.25
2022-06-10 02:00:00-07:00,162,188,182,41,136,100,54.67,59.54,64.12,70.07
2022-06-10 03:00:00-07:00,140,166,161,42,119,78,55.14,59.45,62.3,70.84
2022-06-10 04:00:00-07:00,240,205,213,57,194,127,56.06,59.61,64.29,73.82
2022-06-10 05:00:00-07:00,344,362,445,230,179,217,57.54,62.11,67.19,77.39
2022-06-10 06:00:00-07:00,458,623,787,706,240,299,57.39,62.55,66.69,76.57
2022-06-10 07:00:00-07:00,698,798,1012,1048,303,482,56.79,61.34,66.05,76.93
2022-06-10 08:00:00-07:00,630,822,1023,918,258,485,57.21,62.23,65.96,76.69
2022-06-10 09:00:00-07:00,783,839,1046,891,362,522,56.25,61.22,65.14,75.28
2022-06-10 10:00:00-07:00,838,931,1108,996,494,578,55.48,60.17,64.2,74.03
2022-06-10 11:00:00-07:00,1050,1037,1250,1188,647,652,53.44,59.04,62.79,71.67
2022-06-10 12:00:00-07:00,1249,1279,1424,1528,809,861,50.21,53.2,57.58,66.49
2022-06-10 13:00:00-07:00,1380,1346,1490,1649,741,950,46.56,49.24,53.52,61.92
2022-06-10 14:00:00-07:00,1387,1397,1530,1523,995,1095,37.32,37.41,39.45,44.62
2022-06-10 15:00:00-07:00,1302,1327,1426,1363,1185,927,29.63,28.12,27.7,30.92
2022-06-10 16:00:00-07:00,1316,1354,1391,1389,1167,885,29.09,27.72,28.46,31.24
2022-06-10 17:00:00-07:00,1295,1341,1483,1459,1129,911,30.63,29.02,29.89,33.1
2022-06-10 18:00:00-07:00,1338,1314,1486,1534,1183,942,30.76,29,29.95,34.06
2022-06-10 19:00:00-07:00,1267,1291,1395,1453,1213,904,28.42,27.44,27.8,30.37
2022-06-10 20:00:00-07:00,1085,1122,1267,1321,771,679,37.69,38.73,39.64,45.22
2022-06-10 21:00:00-07:00,673,909,1076,888,410,397,51.31,53.3,56.73,66.5
2022-06-10 22:00:00-07:00,543,660,838,487,428,278,52.28,56.12,59.46,69.98
2022-06-10 23:00:00-07:00,459,510,619,308,378,234,53.52,57.22,60.11,70.06
2022-06-11 00:00:00-07:00,355,437,406,178,325,171,54.21,58.32,61.53,70.46
2022-06-11 01:00:00-07:00,228,263,295,78,195,107,55.23,60.07,63.89,74.67
2022-06-11 02:00:00-07:00,146,223,240,73,93,91,55.49,61.24,65.24,75.12
2022-06-11 03:00:00-07:00,128,164,187,46,102,70,56.62,60.58,64.57,73.74
2022-06-11 04:00:00-07:00,191,177,164,45,169,104,56.03,59.31,65.52,73.62
2022-06-11 05:00:00-07:00,187,202,221,74,153,108,58.4,62.47,66.84,75.39
2022-06-11 06:00:00-07:00,296,320,392,180,211,160,58.04,62.87,67.74,78.15
2022-06-11 07:00:00-07:00,387,428,573,380,229,215,59.17,62.85,66.93,77.57
2022-06-11 08:00:00-07:00,456,588,776,558,236,270,57.66,62.9,65.9,76.61
2022-06-11 09:00:00-07:00,605,726,1004,786,297,341,57.9,61.96,65.13,74.63
2022-06-11 10:00:00-07:00,787,894,1173,1050,486,448,56.79,61.6,64.7,74.08
2022-06-11 11:00:00-07:00,961,1061,1334,1226,564,542,56.82,60.37,63.84,72.89
2022-06-11 12:00:00-07:00,1090,1160,1417,1490,644,647,53.5,57.7,61.35,68.84
2022-06-11 13:00:00-07:00,1149,1234,1467,1545,692,607,53.06,56.44,59.4,66.79
2022-06-11 14:00:00-07:00,1295,1394,1528,1588,730,740,46.68,49.02,52.91,60.77
2022-06-11 15:00:00-07:00,1547,1564,1588,1714,834,1037,45.47,47.33,51.29,58.91
2022-06-11 16:00:00-07:00,1350,1496,1625,1731,719,832,53.28,56.11,60.46,68.77
2022-06-11 17:00:00-07:00,1090,1247,1473,1576,538,617,55.46,59.39,63.07,70.8
2022-06-11 18:00:00-07:00,971,1114,1401,1465,515,489,55.3,58.87,61.82,68.82
2022-06-11 19:00:00-07:00,767,957,1161,1156,492,397,55.73,59.34,62.54,71.25
2022-06-11 20:00:00-07:00,647,820,1000,889,459,269,54.78,59.07,62.57,71.73
2022-06-11 21:00:00-07:00,519,776,919,719,347,250,55.25,59.54,62.54,72.94
2022-06-11 22:00:00-07:00,447,648,757,518,332,205,56.68,60.09,63.81,73.72
2022-06-11 23:00:00-07:00,190,234,272,158,170,114,57.68,61.83,65.33,74.61
2022-06-12 00:00:00-07:00,139,179,200,91,132,55,57.83,62.29,66.04,75.74
2022-06-12 01:00:00-07:00,136,221,186,75,117,66,56.5,61.94,65.74,75.27
2022-06-12 02:00:00-07:00,96,220,203,74,47,52,58.76,62.54,67.4,76.83
2022-06-12 03:00:00-07:00,21,39,48,19,14,10,55.29,64.23,68.79,80.31
2022-06-12 04:00:00-07:00,34,24,24,12,29,18,57.41,58.84,65.12,74.17
2022-06-12 05:00:00-07:00,60,62,48,11,54,35,57.23,62.93,66.4,76.36
2022-06-12 06:00:00-07:00,13,6,13,2,10,9,60.08,58,66.93,96
2022-06-12 07:00:00-07:00,103,135,183,88,75,57,58.83,63.48,65.97,77.31
2022-06-12 08:00:00-07:00,,,,,0,0,,,,
2022-06-12 09:00:00-07:00,31,30,38,42,20,0,57.23,59.77,61.87,72.26
2022-06-12 10:00:00-07:00,7,8,13,10,3,2,55,62.25,62.23,74.4
2022-06-12 11:00:00-07:00,738,830,1084,978,468,402,54.66,58.66,61.31,70.23
2022-06-12 12:00:00-07:00,1090,1106,1368,1478,661,716,51.3,54.42,58.57,67.31
2022-06-12 13:00:00-07:00,1202,1292,1477,1535,709,726,53.97,58.73,62.13,70.74
2022-06-12 14:00:00-07:00,1155,1123,1345,1533,738,634,53.56,57.45,61.17,69.08
2022-06-12 15:00:00-07:00,1267,1323,1488,1652,760,695,53.86,57.66,61.58,69.01
2022-06-12 16:00:00-07:00,1138,1167,1396,1491,688,585,55.05,59.45,62.85,71.16
2022-06-12 17:00:00-07:00,958,1071,1357,1317,564,497,56.71,61.34,64.76,73.07
2022-06-12 18:00:00-07:00,995,1038,1266,1315,572,515,55.61,60.42,63.91,72.67
2022-06-12 19:00:00-07:00,844,860,1164,1051,561,327,56.84,61.09,64.56,74.17
2022-06-12 20:00:00-07:00,676,761,1012,911,445,332,57.6,61.57,65.03,74.03
2022-06-12 21:00:00-07:00,509,628,829,568,354,236,56.87,60.97,64.49,73.36
2022-06-12 22:00:00-07:00,406,493,639,381,360,169,56.27,60.48,63.32,73.26
2022-06-12 23:00:00-07:00,309,396,425,189,323,163,56.28,60.05,65.38,75.22
2022-06-13 00:00:00-07:00,236,275,282,80,246,110,56.2,60.7,65.03,74.16
2022-06-13 01:00:00-07:00,184,215,201,54,226,91,56.62,59.64,64.19,74.15
2022-06-13 02:00:00-07:00,86,141,151,26,77,69,55.51,60.06,64.98,69.66
2022-06-13 03:00:00-07:00,111,154,143,50,99,48,56.14,61.54,64.4,78.16
2022-06-13 04:00:00-07:00,193,218,218,73,189,91,57.06,61.59,65.54,75.3
2022-06-13 05:00:00-07:00,360,383,494,289,218,208,59.15,62.69,67.88,78.07
2022-06-13 06:00:00-07:00,474,666,835,766,240,295,58.59,62.63,66.6,75.86
2022-06-13 07:00:00-07:00,660,821,1074,978,267,441,57.55,62.53,65.63,75.69
2022-06-13 08:00:00-07:00,670,838,1045,958,252,496,57.15,61.59,65.16,75.22
2022-06-13 09:00:00-07:00,747,821,997,856,369,490,55.53,60.58,64.12,73.91
2022-06-13 10:00:00-07:00,792,878,1043,811,487,564,55.41,59.98,64.07,73.48
2022-06-13 11:00:00-07:00,923,885,1105,918,534,527,55.01,60.23,63.81,72.54
2022-06-13 12:00:00-07:00,1083,1054,1185,1048,740,745,52.92,58.12,63.16,73.06
2022-06-13 13:00:00-07:00,1208,1191,1282,1361,693,749,51.6,55.02,58.66,67.46
2022-06-13 14:00:00-07:00,1397,1412,1477,1727,745,1001,51.04,54.63,58.96,67.5
2022-06-13 15:00:00-07:00,1559,1618,1580,1772,883,1181,47.65,50.17,54.84,62.5
2022-06-13 16:00:00-07:00,1691,1670,1615,1832,898,1279,46.2,49.55,54.28,62.7
2022-06-13 17:00:00-07:00,1420,1421,1515,1646,844,971,39.02,40.2,42.33,47.18
2022-06-13 18:00:00-07:00,1103,1136,1263,1325,604,700,54.9,59.38,63.48,72.57
2022-06-13 19:00:00-07:00,842,837,982,832,542,458,56.49,61.84,66.2,76.61
2022-06-13 20:00:00-07:00,597,650,830,584,394,318,57.66,62.8,66.33,75.97
2022-06-13 21:00:00-07:00,519,627,746,477,377,288,56.11,60.32,64.31,74.86
2022-06-13 22:00:00-07:00,463,438,545,323,420,257,56.11,59.83,63.52,74.13
2022-06-13 23:00:00-07:00,385,408,400,174,309,255,57.43,61.07,66.13,77.27
2022-06-14 00:00:00-07:00,280,273,265,94,263,154,56.97,61.61,65.46,77.3
2022-06-14 01:00:00-07:00,198,209,189,52,176,126,57.65,62.32,65.98,74.14
2022-06-14 02:00:00-07:00,109,168,159,33,83,82,56.5,60.31,64.48,76.64
2022-06-14 03:00:00-07:00,124,165,145,48,90,93,57.32,61.31,65.16,78.81
2022-06-14 04:00:00-07:00,234,219,215,61,200,123,56.81,61.64,64.71,77.74
2022-06-14 05:00:00-07:00,339,396,473,283,203,214,57.5,62.45,67.06,78.16
2022-06-14 06:00:00-07:00,512,709,839,832,265,323,56.55,61.19,65.1,75.31
2022-06-14 07:00:00-07:00,718,810,1075,1073,263,454,54.75,60.13,64.01,73.9
2022-06-14 08:00:00-07:00,697,818,1060,1028,276,476,55.71,60.2,63.38,72.79
2022-06-14 09:00:00-07:00,737,764,1018,927,367,483,55.36,59.8,62.93,71.4
2022-06-14 10:00:00-07:00,840,904,1082,833,457,548,55.6,59.66,63.33,72.65
2022-06-14 11:00:00-07:00,845,968,1124,913,565,574,54.32,59.23,62.9,72.32
2022-06-14 12:00:00-07:00,1081,1062,1172,1028,691,702,53.56,58.49,62.9,71.73
2022-06-14 13:00:00-07:00,1185,1126,1266,1148,812,793,53.19,58.16,62.4,71.54
2022-06-14 14:00:00-07:00,1435,1438,1495,1497,910,1054,50.23,54.02,58.44,66.16
2022-06-14 15:00:00-07:00,1577,1725,1625,1736,1234,1146,36.86,39.19,41.13,47.14
2022-06-14 16:00:00-07:00,1634,1692,1624,1716,1327,1124,34.44,34.73,36.5,39.22
2022-06-14 17:00:00-07:00,1582,1632,1670,1786,1083,1160,35.54,35.78,38.56,43.42
2022-06-14 18:00:00-07:00,1414,1430,1515,1872,675,890,50.98,54.51,59.19,66.11
2022-06-14 19:00:00-07:00,920,984,1161,1029,560,523,55.63,61.04,64.78,74.41
2022-06-14 20:00:00-07:00,738,807,937,744,409,427,56.74,61.49,65.16,74.5
2022-06-14 21:00:00-07:00,639,727,831,597,446,319,55.94,59.93,63.87,73.52
2022-06-14 22:00:00-07:00,450,534,632,414,307,275,57.2,60.85,65.43,75.1
2022-06-14 23:00:00-07:00,447,450,478,239,375,267,56.83,60.62,64.83,76.06
2022-06-15 00:00:00-07:00,276,315,302,125,255,183,57.15,61.41,65.02,76.6
2022-06-15 01:00:00-07:00,191,212,200,52,144,131,58.29,61.4,65.94,78.15
2022-06-15 02:00:00-07:00,132,167,150,25,99,79,57.25,62.51,67.1,81.12
2022-06-15 03:00:00-07:00,129,140,152,44,113,76,58.11,61.78,65.09,74.41
2022-06-15 04:00:00-07:00,249,231,215,77,209,148,56.8,61.33,66.29,77.66
2022-06-15 05:00:00-07:00,365,386,485,291,202,252,58.74,63.82,68.7,78.88
2022-06-15 06:00:00-07:00,521,619,908,781,280,309,57.28,62.86,67.37,77.73
2022-06-15 07:00:00-07:00,710,874,1088,1104,297,486,56.29,60.85,65.3,75.22
2022-06-15 08:00:00-07:00,730,867,1092,1070,289,548,55.52,60.07,64.07,73.15
2022-06-15 09:00:00-07:00,792,828,1059,912,377,542,55.82,59.84,63.78,73.69
2022-06-15 10:00:00-07:00,855,892,1152,987,459,548,54.31,59.06,62.51,71.99
2022-06-15 11:00:00-07:00,942,922,1080,936,580,582,54.82,58.81,63.34,72.15
2022-06-15 12:00:00-07:00,1108,1157,1238,1159,733,703,54.43,59.37,62.92,71.59
2022-06-15 13:00:00-07:00,1149,1101,1249,1177,719,726,53.42,57.92,62.07,70.55
2022-06-15 14:00:00-07:00,1473,1465,1559,1611,813,1075,50.85,55.11,59.63,67.85
2022-06-15 15:00:00-07:00,1688,1688,1638,1809,1105,1214,43.5,45.99,49.59,55.43
2022-06-15 16:00:00-07:00,1759,1756,1721,1910,1150,1306,44,47.64,52.13,58.89
2022-06-15 17:00:00-07:00,1704,1734,1693,1952,890,1251,47.95,51.03,55.63,63.04
2022-06-15 18:00:00-07:00,1373,1438,1579,1864,654,864,52.94,55.9,59.49,66.56
2022-06-15 19:00:00-07:00,1013,1145,1250,1321,572,584,55.26,59.81,64.22,73.31
2022-06-15 20:00:00-07:00,785,844,1026,846,532,446,55.29,60.26,64.48,74.41
2022-06-15 21:00:00-07:00,479,807,954,708,399,374,51.83,55.59,59.15,66.36
2022-06-15 22:00:00-07:00,410,551,692,461,391,265,54.13,59,63.23,71.86
2022-06-15 23:00:00-07:00,334,465,502,216,420,238,55.34,58.8,63.26,72.92
2022-06-16 00:00:00-07:00,208,346,328,129,269,153,55.55,59.08,63.38,71.98
2022-06-16 01:00:00-07:00,157,261,234,77,186,134,54.07,58.01,63.68,72.09
2022-06-16 02:00:00-07:00,64,170,217,64,88,89,53.39,57,64.66,72.05
2022-06-16 03:00:00-07:00,85,179,200,51,101,104,54.57,58.36,63.28,73.84
2022-06-16 04:00:00-07:00,115,239,255,85,156,99,55.19,59.26,64.34,74.95
2022-06-16 05:00:00-07:00,341,372,464,294,175,250,59.09,62.66,68.32,79.53
2022-06-16 06:00:00-07:00,491,660,849,801,225,340,57.82,63.68,68.4,78.1
2022-06-16 07:00:00-07:00,660,818,1072,1088,248,444,56.63,61.83,65.69,75.74
2022-06-16 08:00:00-07:00,760,832,1061,1108,361,515,56.02,60.94,65,75.05
2022-06-16 09:00:00-07:00,793,813,1042,873,418,543,55.45,60.01,64.19,74.52
2022-06-16 10:00:00-07:00,798,867,1094,938,447,496,55.89,60.52,64.43,73.84
2022-06-16 11:00:00-07:00,977,942,1135,950,526,615,55.09,59.45,63.9,73.45
2022-06-16 12:00:00-07:00,1080,1055,1247,1200,671,706,53.85,58.77,63.34,72.43
2022-06-16 13:00:00-07:00,1283,1260,1386,1374,828,834,52.53,57.68,62.76,71.8
2022-06-16 14:00:00-07:00,1510,1556,1582,1817,859,1067,50.68,55.09,60.16,68.11
2022-06-16 15:00:00-07:00,1690,1799,1693,1918,1088,1340,47.21,51.02,56.49,64.58
2022-06-16 16:00:00-07:00,1723,1696,1664,1874,915,1304,48.8,51.8,57.3,64.84
2022-06-16 17:00:00-07:00,1630,1632,1676,1886,831,1172,49.36,52.62,56.92,64.11
2022-06-16 18:00:00-07:00,1279,1313,1452,1654,646,763,54.08,57.78,61.95,69.99
2022-06-16 19:00:00-07:00,951,953,1096,1016,609,474,55.15,60.21,64.66,74.52
2022-06-16 20:00:00-07:00,878,793,999,875,555,455,55.09,60.56,64.74,74.21
2022-06-16 21:00:00-07:00,729,762,973,831,487,355,55.35,59.83,63.3,72.46
2022-06-16 22:00:00-07:00,541,581,732,497,400,280,56.22,60.31,63.96,73.32
2022-06-16 23:00:00-07:00,413,444,462,256,355,252,56.69,60.76,64.91,74.28
2022-06-17 00:00:00-07:00,340,342,303,125,318,179,56.91,60.58,65.6,77.31
2022-06-17 01:00:00-07:00,202,224,235,70,153,139,57,61.97,65.46,73.3
2022-06-17 02:00:00-07:00,143,188,172,57,109,96,56.11,62.56,66.76,80.35
2022-06-17 03:00:00-07:00,184,161,166,43,145,93,57.62,60.63,64.69,75.42
2022-06-17 04:00:00-07:00,211,209,210,72,198,126,57.55,61.82,66.16,77.97
2022-06-17 05:00:00-07:00,342,367,433,241,212,216,58.09,62.83,68.35,78.11
2022-06-17 06:00:00-07:00,481,564,782,661,256,314,57.83,62.95,67.59,77.03
2022-06-17 07:00:00-07:00,637,735,1007,963,287,433,56.06,60.86,64.94,75.15
2022-06-17 08:00:00-07:00,710,758,1024,917,375,479,55.09,59.64,64.11,74.08
2022-06-17 09:00:00-07:00,791,814,1018,963,409,567,53.42,57.69,61.43,70.48
2022-06-17 10:00:00-07:00,869,921,1098,1073,462,632,51.71,56.28,60.64,70.7
2022-06-17 11:00:00-07:00,1021,984,1179,1111,578,624,53.37,57.42,60.52,69.71
2022-06-17 12:00:00-07:00,1160,1120,1265,1397,758,776,51.37,55.17,60.13,69.05
2022-06-17 13:00:00-07:00,1241,1339,1440,1532,814,859,51.38,55.13,59.91,68.38
2022-06-17 14:00:00-07:00,1477,1493,1398,1678,896,1048,46.49,48.62,51.65,59.52
2022-06-17 15:00:00-07:00,1435,1466,1554,1614,1152,987,35.29,35.35,36.9,43.38
2022-06-17 16:00:00-07:00,1412,1546,1499,1538,1271,1024,32.53,33.41,34.18,38.23
2022-06-17 17:00:00-07:00,1512,1660,1620,1763,951,1173,42.49,44.59,49.25,56.12
2022-06-17 18:00:00-07:00,1306,1370,1434,1652,725,904,47.99,51.82,55.78,64.15
2022-06-17 19:00:00-07:00,1044,1099,1323,1341,649,654,51.65,55.87,59.86,69.1
2022-06-17 20:00:00-07:00,813,865,1047,939,559,450,55.81,60.63,64.56,75.11
2022-06-17 21:00:00-07:00,700,829,992,756,496,311,55.02,58.97,63.09,73.88
2022-06-17 22:00:00-07:00,544,724,845,609,343,297,56.73,60.39,64.29,74.29
2022-06-17 23:00:00-07:00,443,542,552,328,364,257,56.79,61.39,64.85,74.66
2022-06-18 00:00:00-07:00,366,433,422,185,292,172,57.48,61.49,65.02,75.07
2022-06-18 01:00:00-07:00,221,276,263,97,236,101,58.03,61.79,65.68,78.89
2022-06-18 02:00:00-07:00,140,211,185,45,100,93,57.33,62.17,65.98,76.38
2022-06-18 03:00:00-07:00,146,167,168,59,116,78,57.8,61.98,65.98,75.8
2022-06-18 04:00:00-07:00,161,178,169,51,140,105,57.75,63.01,67.94,80.27
2022-06-18 05:00:00-07:00,227,196,233,87,172,126,59.12,63.41,66.76,77.81
2022-06-18 06:00:00-07:00,301,293,392,223,219,139,59.4,63.93,68.15,77.74
2022-06-18 07:00:00-07:00,359,389,644,431,192,227,58.93,63.99,67.42,77.67
2022-06-18 08:00:00-07:00,479,552,836,642,247,308,58.59,63.07,66.78,76.18
2022-06-18 09:00:00-07:00,659,689,988,925,398,389,56.23,61.14,63.58,73.28
2022-06-18 10:00:00-07:00,711,850,1186,1080,419,430,56.18,60.28,63.72,73.62
2022-06-18 11:00:00-07:00,911,1099,1347,1285,545,546,55.26,60.45,64.17,73.56
2022-06-18 12:00:00-07:00,1052,1195,1387,1398,581,634,53.3,57.38,60.53,68.1
2022-06-18 13:00:00-07:00,1048,1247,1415,1407,678,596,53.43,56.37,59.36,67.65
2022-06-18 14:00:00-07:00,1189,1374,1515,1643,689,614,54.02,57.97,62.22,71.13
2022-06-18 15:00:00-07:00,1250,1309,1530,1561,624,655,53.6,57.74,61.5,70.09
2022-06-18 16:00:00-07:00,1120,1312,1613,1675,585,617,54.8,58.49,62.63,70.83
2022-06-18 17:00:00-07:00,1033,1209,1495,1607,577,555,56.14,59.92,63.74,72.03
2022-06-18 18:00:00-07:00,1027,1175,1448,1486,601,533,51.88,55.16,58.65,66.38
2022-06-18 19:00:00-07:00,902,1129,1316,1365,510,447,54.81,58.23,62.4,71.01
2022-06-18 20:00:00-07:00,661,837,998,858,453,286,57.12,61.71,65.4,74.99
2022-06-18 21:00:00-07:00,531,759,970,774,352,227,56.54,61.28,64.48,73.73
2022-06-18 22:00:00-07:00,447,686,838,619,308,214,58.16,61.31,64.83,75.22
2022-06-18 23:00:00-07:00,382,521,593,346,347,162,58.44,62.81,65.92,75.54
2022-06-19 00:00:00-07:00,270,388,453,193,238,118,57.76,62.23,65.77,77.36
2022-06-19 01:00:00-07:00,158,267,279,98,119,87,58.33,63.17,67.02,76.85
2022-06-19 02:00:00-07:00,100,245,214,96,52,70,58.46,64.39,67.22,78.05
2022-06-19 03:00:00-07:00,110,169,160,55,101,50,58.54,62.29,66.61,76.62
2022-06-19 04:00:00-07:00,105,120,83,23,115,47,55.69,61.83,65.45,79.87
2022-06-19 05:00:00-07:00,183,194,160,38,193,83,57.73,61.64,67.04,77.79
2022-06-19 06:00:00-07:00,245,255,263,102,203,93,58.22,62.97,67.24,77.08
2022-06-19 07:00:00-07:00,310,312,416,218,219,140,58.97,63.26,67.76,78.08
2022-06-19 08:00:00-07:00,361,450,590,352,228,184,59.13,62.87,67.63,77.07
2022-06-19 09:00:00-07:00,469,674,870,642,309,276,58.02,62.98,65.7,75.98
2022-06-19 10:00:00-07:00,629,803,1047,877,368,342,57.9,62.6,66.36,75.78
2022-06-19 11:00:00-07:00,793,958,1277,1162,477,411,57.27,61.25,64.67,74.16
2022-06-19 12:00:00-07:00,1097,1154,1394,1372,589,617,55.67,60.38,63.94,73.46
2022-06-19 13:00:00-07:00,1123,1253,1490,1600,682,623,55.39,59.14,63.24,71.79
2022-06-19 14:00:00-07:00,1210,1371,1588,1805,754,667,54.15,58.45,62.63,71.07
2022-06-19 15:00:00-07:00,1368,1450,1576,1733,695,918,53.06,56.78,60.85,68.85
2022-06-19 16:00:00-07:00,1146,1283,1556,1649,584,728,54.8,59.01,62.32,70.56
2022-06-19 17:00:00-07:00,986,1148,1352,1402,547,547,56.67,60.42,64.51,73.92
2022-06-19 18:00:00-07:00,968,1043,1374,1293,569,500,56.64,61.58,65.46,74.56
2022-06-19 19:00:00-07:00,806,1103,1293,1389,470,406,57.89,61.66,64.93,74.06
2022-06-19 20:00:00-07:00,641,844,1070,949,434,335,56.37,61.05,64.99,74.49
2022-06-19 21:00:00-07:00,567,676,838,681,416,242,56.09,60.44,64.25,73.87
2022-06-19 22:00:00-07:00,394,533,661,447,328,171,57.31,61.86,65.08,75.26
2022-06-19 23:00:00-07:00,408,396,431,216,388,163,57.1,61.54,65.03,76.35
2022-06-20 00:00:00-07:00,269,287,270,105,273,109,57.76,61.64,66.88,75.75
2022-06-20 01:00:00-07:00,148,200,182,48,119,95,57.27,61.71,66,77.88
2022-06-20 02:00:00-07:00,76,153,148,39,47,60,57.35,61.73,66.1,76.97
2022-06-20 03:00:00-07:00,128,155,157,39,129,52,57.02,61,66.27,76.67
2022-06-20 04:00:00-07:00,207,201,184,57,199,87,56.21,61.56,65.13,76.05
2022-06-20 05:00:00-07:00,331,343,432,281,185,222,57.74,62.03,67.13,76.97
2022-06-20 06:00:00-07:00,485,569,779,692,259,270,57.27,62.72,66.89,75.88
2022-06-20 07:00:00-07:00,611,767,988,915,285,429,55.99,60.84,65.02,74.63
2022-06-20 08:00:00-07:00,690,779,985,777,359,506,55.09,60.02,63.87,73.77
2022-06-20 09:00:00-07:00,741,786,964,870,375,482,46.04,48.53,54.25,60.46
2022-06-20 10:00:00-07:00,853,901,1105,869,481,598,54.45,58.77,62.08,72.35
2022-06-20 11:00:00-07:00,968,926,1165,959,548,624,55,59.03,62.87,71.75
2022-06-20 12:00:00-07:00,1056,1072,1247,1127,688,631,53.95,58.64,62.58,71.8
2022-06-20 13:00:00-07:00,1181,1184,1321,1269,800,781,53.56,58.03,62.39,71.18
2022-06-20 14:00:00-07:00,1454,1437,1591,1759,819,1068,51.78,55.79,60.46,68.65
2022-06-20 15:00:00-07:00,1617,1656,1639,1836,913,1236,48.68,53.11,58.43,66.61
2022-06-20 16:00:00-07:00,1656,1682,1635,1814,876,1316,44.05,46.93,50.47,56.21
2022-06-20 17:00:00-07:00,1565,1595,1565,1795,873,1124,42.5,45.09,48.73,55.33
2022-06-20 18:00:00-07:00,1220,1296,1426,1590,634,808,53.87,57.96,62.32,69.88
2022-06-20 19:00:00-07:00,916,929,1089,896,523,526,56.48,61.45,66.22,75.13
2022-06-20 20:00:00-07:00,790,753,920,737,504,437,56.21,61.13,65.48,75.16
2022-06-20 21:00:00-07:00,619,656,786,617,435,319,56.28,60.33,64.17,74.6
2022-06-20 22:00:00-07:00,,,,,0,0,,,,
2022-06-20 23:00:00-07:00,,,,,0,0,,,,
2022-06-21 00:00:00-07:00,,,,,0,0,,,,
2022-06-21 01:00:00-07:00,,,,,0,0,,,,
2022-06-21 02:00:00-07:00,,,,,0,0,,,,
2022-06-21 03:00:00-07:00,,,,,0,0,,,,
2022-06-21 04:00:00-07:00,,,,,0,0,,,,
2022-06-21 05:00:00-07:00,,,,,0,0,,,,
2022-06-21 06:00:00-07:00,,,,,0,0,,,,
2022-06-21 07:00:00-07:00,,,,,0,0,,,,
2022-06-21 08:00:00-07:00,,,,,0,0,,,,
2022-06-21 09:00:00-07:00,,,,,0,0,,,,
2022-06-21 10:00:00-07:00,,,,,0,0,,,,
2022-06-21 11:00:00-07:00,,,,,0,0,,,,
2022-06-21 12:00:00-07:00,,,,,0,0,,,,
2022-06-21 13:00:00-07:00,,,,,0,0,,,,
2022-06-21 14:00:00-07:00,,,,,0,0,,,,
2022-06-21 15:00:00-07:00,,,,,0,0,,,,
2022-06-21 16:00:00-07:00,,,,,0,0,,,,
2022-06-21 17:00:00-07:00,,,,,0,0,,,,
2022-06-21 18:00:00-07:00,,,,,0,0,,,,
2022-06-21 19:00:00-07:00,,,,,0,0,,,,
2022-06-21 20:00:00-07:00,,,,,0,0,,,,
2022-06-21 21:00:00-07:00,,,,,0,0,,,,
2022-06-21 22:00:00-07:00,,,,,0,0,,,,
2022-06-21 23:00:00-07:00,,,,,0,0,,,,
2022-06-22 00:00:00-07:00,,,,,0,0,,,,
2022-06-22 01:00:00-07:00,,,,,0,0,,,,
2022-06-22 02:00:00-07:00,,,,,0,0,,,,
2022-06-22 03:00:00-07:00,,,,,0,0,,,,
2022-06-22 04:00:00-07:00,,,,,0,0,,,,
2022-06-22 05:00:00-07:00,,,,,0,0,,,,
2022-06-22 06:00:00-07:00,,,,,0,0,,,,
2022-06-22 07:00:00-07:00,,,,,0,0,,,,
2022-06-22 08:00:00-07:00,,,,,0,0,,,,
2022-06-22 09:00:00-07:00,,,,,0,0,,,,
2022-06-22 10:00:00-07:00,,,,,0,0,,,,
2022-06-22 11:00:00-07:00,,,,,0,0,,,,
2022-06-22 12:00:00-07:00,,,,,0,0,,,,
2022-06-22 13:00:00-07:00,,,,,0,0,,,,
2022-06-22 14:00:00-07:00,,,,,0,0,,,,
2022-06-22 15:00:00-07:00,563,620,583,637,521,427,40.18,42.68,45.72,50.95
2022-06-22 16:00:00-07:00,1649,1746,1733,1914,1467,1175,39.88,42.25,46.68,52.48
2022-06-22 17:00:00-07:00,1583,1634,1593,1781,1145,1139,36.6,37.48,39.89,43.52
2022-06-22 18:00:00-07:00,1464,1300,1482,1655,806,968,37.55,40.09,42.14,47.73
2022-06-22 19:00:00-07:00,1015,1001,1118,1168,506,515,54.84,59.07,63.46,71.42
2022-06-22 20:00:00-07:00,809,869,987,795,475,484,54.71,59.15,64.32,74.16
2022-06-22 21:00:00-07:00,697,734,904,738,423,403,54.36,58.41,62.92,72.69
2022-06-22 22:00:00-07:00,522,626,776,534,349,303,55.6,59.35,63.84,73.93
2022-06-22 23:00:00-07:00,462,511,486,263,395,245,56.05,60,64.71,75.39
2022-06-23 00:00:00-07:00,298,305,287,111,265,174,56.89,60.42,64.39,75.78
2022-06-23 01:00:00-07:00,246,250,205,56,214,161,56.1,60.3,65.3,75.8
2022-06-23 02:00:00-07:00,136,177,151,35,88,108,56.62,61.08,66.14,76.66
2022-06-23 03:00:00-07:00,158,148,160,49,111,129,57.73,61.74,65.64,75.14
2022-06-23 04:00:00-07:00,243,218,204,65,202,131,57.23,59.92,65.36,77.75
2022-06-23 05:00:00-07:00,311,376,476,294,165,233,57.79,62.88,67.52,77.24
2022-06-23 06:00:00-07:00,505,633,795,788,251,302,58.16,63.32,66.73,75.72
2022-06-23 07:00:00-07:00,682,773,1018,1066,292,420,55.93,60.47,64.61,73.79
2022-06-23 08:00:00-07:00,710,850,1046,971,333,489,54.5,59.41,63.66,73.15
2022-06-23 09:00:00-07:00,767,868,1047,842,424,469,54.44,59.38,63.07,72.15
2022-06-23 10:00:00-07:00,745,863,990,800,438,519,54.82,58.41,62.47,71.41
2022-06-23 11:00:00-07:00,978,958,1232,1043,566,663,53.59,57.93,61.92,70.7
2022-06-23 12:00:00-07:00,1098,1069,1254,1137,605,684,53.29,57.69,61.59,69.48
2022-06-23 13:00:00-07:00,1217,1241,1396,1425,781,788,51.47,55.92,59.89,68.38
2022-06-23 14:00:00-07:00,1501,1603,1591,1749,1000,1129,47.61,51.35,55.75,63.41
2022-06-23 15:00:00-07:00,1527,1588,1571,1728,1262,1088,36.31,37.31,40.11,45.37
2022-06-23 16:00:00-07:00,1544,1724,1679,1786,1356,1147,37.81,39.15,42.18,47.25
2022-06-23 17:00:00-07:00,1565,1669,1635,1777,1218,1100,36.08,37.91,40.6,45.26
2022-06-23 18:00:00-07:00,1381,1424,1403,1576,859,985,42.37,45.63,50.37,57.07
2022-06-23 19:00:00-07:00,1099,1078,1260,1293,604,556,53.88,58.31,62.96,71.12
2022-06-23 20:00:00-07:00,867,840,1051,898,506,503,54.42,59.24,63.52,73.15
2022-06-23 21:00:00-07:00,684,652,1011,815,437,375,53.92,57.79,61.01,70.22
2022-06-23 22:00:00-07:00,555,584,769,587,450,307,54.84,58.94,62.54,73.11
2022-06-23 23:00:00-07:00,495,464,476,258,425,252,57.01,60.81,65.85,75.37
2022-06-24 00:00:00-07:00,325,308,312,120,264,152,57.07,60.82,65.48,77.63
2022-06-24 01:00:00-07:00,221,257,205,69,156,134,56.93,60.82,65.53,77.57
2022-06-24 02:00:00-07:00,160,188,149,47,119,105,56.21,61.55,66.12,78.7
2022-06-24 03:00:00-07:00,169,151,168,42,116,110,57.25,61.85,66.07,76.07
2022-06-24 04:00:00-07:00,219,216,205,75,172,138,56.88,60.93,65.8,78.18
2022-06-24 05:00:00-07:00,355,342,426,275,218,230,57.79,62.52,67.03,77.75
2022-06-24 06:00:00-07:00,458,627,803,719,246,297,57.69,62.73,67.19,76.61
2022-06-24 07:00:00-07:00,685,748,1013,938,310,455,55.73,60.73,65.12,75.22
2022-06-24 08:00:00-07:00,685,812,978,848,291,452,55.24,60.04,64.12,73.79
2022-06-24 09:00:00-07:00,828,837,1106,869,414,534,54.92,59.24,63.93,73.34
2022-06-24 10:00:00-07:00,893,953,1180,1042,493,628,54.33,58.49,62.72,71.73
2022-06-24 11:00:00-07:00,1053,1138,1332,1341,704,699,52.81,57.57,61.42,70.25
2022-06-24 12:00:00-07:00,1198,1236,1457,1614,812,747,51.48,55.87,59.89,67.93
2022-06-24 13:00:00-07:00,1376,1415,1532,1711,905,979,48.6,52.55,57.34,64.71
2022-06-24 14:00:00-07:00,1462,1515,1555,1671,1178,1101,37.38,37.72,38.12,42.08
2022-06-24 15:00:00-07:00,1417,1562,1530,1629,1272,1034,36.02,35.86,37.32,41.44
2022-06-24 16:00:00-07:00,1487,1632,1621,1669,1303,1038,35.08,35.49,37.4,40.83
2022-06-24 17:00:00-07:00,1422,1278,1475,1579,1248,993,30.14,30.61,30.77,32.96
2022-06-24 18:00:00-07:00,1537,1473,1631,1786,1325,1081,35.67,37.8,38.72,42.5
2022-06-24 19:00:00-07:00,1494,1309,1580,1771,688,931,47.78,52,56.82,64.5
2022-06-24 20:00:00-07:00,967,1018,1170,1120,593,550,53.38,58.74,63.23,71.5
2022-06-24 21:00:00-07:00,755,833,1000,880,456,412,54.48,59.43,63.83,73.32
2022-06-24 22:00:00-07:00,560,702,827,584,414,297,55.81,60.59,64.31,75.08
2022-06-24 23:00:00-07:00,479,541,613,375,392,270,56.81,61.14,65.16,76.67
2022-06-25 00:00:00-07:00,296,387,412,223,233,156,58.23,62.06,65.77,77.08
2022-06-25 01:00:00-07:00,190,297,286,105,173,102,57.28,62.8,66.55,74.7
2022-06-25 02:00:00-07:00,121,220,204,73,60,88,57.83,62.88,66.67,76.75
2022-06-25 03:00:00-07:00,128,166,144,58,122,80,58.35,61.97,65.39,77.27
2022-06-25 04:00:00-07:00,206,204,166,45,185,98,57.23,61.35,66.26,78.85
2022-06-25 05:00:00-07:00,245,217,220,76,180,146,57.47,62.25,67.58,79.73
2022-06-25 06:00:00-07:00,318,318,431,202,205,177,58.78,63.25,67.71,78.8
2022-06-25 07:00:00-07:00,445,554,664,407,262,253,58.37,62.45,67.07,77.13
2022-06-25 08:00:00-07:00,532,658,856,597,297,333,57.2,61.74,66.14,76.2
2022-06-25 09:00:00-07:00,663,807,1054,878,318,449,56.99,61.33,65.48,74.95
2022-06-25 10:00:00-07:00,952,1019,1239,1201,429,680,54.42,59.07,63,72.33
2022-06-25 11:00:00-07:00,1139,1091,1361,1267,515,895,52.22,57.04,62.01,71.82
2022-06-25 12:00:00-07:00,1277,1258,1424,1369,551,978,50.17,54.75,58.95,68.03
2022-06-25 13:00:00-07:00,1369,1369,1453,1462,657,1064,48.68,52.67,57.61,66.42
2022-06-25 14:00:00-07:00,1390,1355,1477,1501,628,1149,50.84,55.73,60.98,70.48
2022-06-25 15:00:00-07:00,1351,1283,1453,1334,606,1110,51.2,55.96,61.03,71.4
2022-06-25 16:00:00-07:00,1297,1409,1438,1486,547,1035,51.38,55.28,60.59,69.72
2022-06-25 17:00:00-07:00,1114,1190,1325,1286,444,922,53.21,57.53,62.8,72.25
2022-06-25 18:00:00-07:00,1040,1057,1168,1054,422,835,53.95,59.03,64.46,74.7
2022-06-25 19:00:00-07:00,935,944,1079,884,465,638,55.12,60.49,65.47,75.54
2022-06-25 20:00:00-07:00,649,835,1010,844,355,325,56.23,60.66,64.9,75.93
2022-06-25 21:00:00-07:00,573,790,926,754,311,336,55.4,60.17,64.48,74.86
2022-06-25 22:00:00-07:00,500,716,859,625,310,228,56.88,60.78,64.3,74.6
2022-06-25 23:00:00-07:00,421,524,611,373,335,219,57.04,61.22,65.07,76.5
2022-06-26 00:00:00-07:00,328,423,413,184,286,136,56.73,61.66,65.5,76
2022-06-26 01:00:00-07:00,168,296,282,114,119,96,58.67,61.77,66.7,76.7
2022-06-26 02:00:00-07:00,93,219,230,84,41,83,58.18,64.29,67.54,76.09
2022-06-26 03:00:00-07:00,92,173,148,44,78,55,57,62.32,66.42,76.32
2022-06-26 04:00:00-07:00,168,154,109,38,155,62,58.02,60.66,66.21,76.79
2022-06-26 05:00:00-07:00,232,170,165,44,202,110,58.37,62.38,67.82,76.96
2022-06-26 06:00:00-07:00,252,286,291,105,231,106,58.81,63.2,68.25,78.3
2022-06-26 07:00:00-07:00,392,451,506,241,243,210,58.89,63.01,67.57,76.85
2022-06-26 08:00:00-07:00,436,496,649,400,230,233,57.59,62.08,65.9,76.44
2022-06-26 09:00:00-07:00,618,690,908,664,286,378,57.13,61.6,65.14,75.06
2022-06-26 10:00:00-07:00,755,865,1109,948,394,477,57.08,60.63,64.79,74.62
2022-06-26 11:00:00-07:00,1056,1022,1344,1233,529,757,54.17,58.76,62.77,71.73
2022-06-26 12:00:00-07:00,1118,988,1247,1342,635,807,35.33,39.77,38.65,43.63
2022-06-26 13:00:00-07:00,1382,1465,1590,1734,689,1123,50.57,54.01,58.75,67.06
2022-06-26 14:00:00-07:00,1300,1419,1494,1674,559,987,52.08,54.59,59.35,67.82
2022-06-26 15:00:00-07:00,1291,1382,1445,1577,593,1020,51.76,54.99,60.16,69.12
2022-06-26 16:00:00-07:00,1057,1194,1358,1583,557,657,54,58.53,62.59,71.82
2022-06-26 17:00:00-07:00,920,1071,1275,1270,481,546,55.67,60.08,64.91,74.44
2022-06-26 18:00:00-07:00,858,913,1144,1067,466,506,57.01,61.88,66.36,76.37
2022-06-26 19:00:00-07:00,571,591,738,653,357,254,57.55,62.53,66.73,77.12
2022-06-26 20:00:00-07:00,680,760,957,819,394,393,57.22,61.96,67.26,76.88
2022-06-26 21:00:00-07:00,607,667,878,754,381,282,56.05,60.95,65.12,75.51
2022-06-26 22:00:00-07:00,427,616,740,524,329,229,56.05,61.22,65.64,76.92
2022-06-26 23:00:00-07:00,346,442,441,256,352,165,57.02,61.68,65.44,77.35
2022-06-27 00:00:00-07:00,238,315,297,125,260,107,57.96,61.01,65.01,76.36
2022-06-27 01:00:00-07:00,201,239,208,64,216,108,56.82,60.81,66.7,76.23
2022-06-27 02:00:00-07:00,83,167,157,41,46,67,56.94,62.47,67.98,74.27
2022-06-27 03:00:00-07:00,115,175,138,39,114,68,56.47,61.1,66.08,74.9
2022-06-27 04:00:00-07:00,181,200,215,71,172,96,56.27,61.62,66.58,78.4
2022-06-27 05:00:00-07:00,348,381,467,322,190,206,57.82,63.49,67.96,78.01
2022-06-27 06:00:00-07:00,423,580,785,741,218,269,58.05,63.11,67.08,77.16
2022-06-27 07:00:00-07:00,674,800,1077,974,286,462,56.34,60.97,65.61,75.74
2022-06-27 08:00:00-07:00,771,983,1115,1039,359,544,55.92,59.18,63.78,73.38
2022-06-27 09:00:00-07:00,825,926,1106,961,385,537,55.16,59.09,63.74,73.44
2022-06-27 10:00:00-07:00,839,1047,1168,1027,450,594,54.18,58.19,62.78,72.37
2022-06-27 11:00:00-07:00,1007,1102,1277,1327,605,682,52.87,56.15,61.09,70.05
2022-06-27 12:00:00-07:00,1098,1146,1270,1243,564,658,52.32,56.84,62,71.47
2022-06-27 13:00:00-07:00,1258,1305,1458,1498,799,869,50.29,54.27,59.42,68.73
2022-06-27 14:00:00-07:00,1408,1466,1583,1739,837,1149,48.74,52.55,57.73,66.4
2022-06-27 15:00:00-07:00,1491,1614,1578,1685,1147,1166,37.19,37.98,39.3,42.86
2022-06-27 16:00:00-07:00,1513,1660,1537,1688,1138,1209,41.36,44.19,48.59,55.64
2022-06-27 17:00:00-07:00,1641,1617,1549,1762,865,1151,48.43,52.39,58.44,66.76
2022-06-27 18:00:00-07:00,1337,1276,1336,1454,632,1033,53.35,57.73,63.14,72.01
2022-06-27 19:00:00-07:00,903,892,972,774,548,528,56.35,62.67,66.99,77.76
2022-06-27 20:00:00-07:00,769,781,828,614,500,462,56.91,62.24,66.95,77.67
2022-06-27 21:00:00-07:00,617,639,823,553,421,335,55.38,60.33,65.28,76.53
2022-06-27 22:00:00-07:00,480,523,634,419,327,258,57.26,61.1,65.63,76.68
2022-06-27 23:00:00-07:00,426,465,455,252,353,256,56.94,61.83,66.33,77.74
2022-06-28 00:00:00-07:00,298,302,270,109,264,161,58.52,61.23,66.4,78.62
2022-06-28 01:00:00-07:00,216,215,189,75,165,161,57.35,62.37,66.29,79.99
2022-06-28 02:00:00-07:00,104,170,146,35,82,84,56.6,61.82,67.47,75.34
2022-06-28 03:00:00-07:00,130,173,146,54,126,79,57.82,60.71,66.23,77.96
2022-06-28 04:00:00-07:00,215,225,224,75,188,145,56.9,61.09,65.88,76.99
2022-06-28 05:00:00-07:00,369,380,528,316,193,268,58.43,62.88,67.84,78.42
2022-06-28 06:00:00-07:00,514,668,856,783,246,302,58.58,63.14,67.02,76.76
2022-06-28 07:00:00-07:00,713,784,1026,1021,293,477,56.78,61.66,65.14,75.53
2022-06-28 08:00:00-07:00,697,818,1106,1024,318,443,54.89,59.43,63.8,73.86
2022-06-28 09:00:00-07:00,739,826,1016,856,366,491,55.81,60.51,64.51,74.92
2022-06-28 10:00:00-07:00,781,896,1110,885,414,508,56.11,60.11,64.1,73.86
2022-06-28 11:00:00-07:00,1057,1067,1287,1217,590,663,53.79,58.59,62.15,71.46
2022-06-28 12:00:00-07:00,1075,1053,1232,1095,575,655,54.21,59.24,63.65,73.74
2022-06-28 13:00:00-07:00,1232,1169,1319,1226,727,745,53.46,57.99,62.6,71.87
2022-06-28 14:00:00-07:00,1487,1560,1613,1850,963,1143,51.06,55.05,60.27,68.79
2022-06-28 15:00:00-07:00,1697,1694,1702,1891,1063,1230,47.98,51.59,56.91,64.83
2022-06-28 16:00:00-07:00,1748,1768,1746,1920,1132,1298,43.24,46.34,50.94,57.69
2022-06-28 17:00:00-07:00,1670,1593,1634,1893,907,1142,42.95,44.67,48.39,54.4
2022-06-28 18:00:00-07:00,1411,1397,1470,1771,724,875,50.61,54.07,56.65,63.65
2022-06-28 19:00:00-07:00,981,995,1167,1076,527,534,55.56,59.72,64.24,73.33
2022-06-28 20:00:00-07:00,788,817,922,731,447,429,55.7,61.11,65.03,74.71
2022-06-28 21:00:00-07:00,607,714,861,734,343,336,56.09,60.12,63.9,73.04
2022-06-28 22:00:00-07:00,453,535,643,427,363,276,56.79,61.48,65.14,75.54
2022-06-28 23:00:00-07:00,390,464,440,233,336,261,57.08,61.66,65.62,77.53
2022-06-29 00:00:00-07:00,315,328,305,110,289,164,57.3,60.37,65.05,76.59
2022-06-29 01:00:00-07:00,185,233,211,64,136,149,55.73,61.95,65.81,76.5
2022-06-29 02:00:00-07:00,126,178,149,32,108,91,55.3,61.32,65.65,77.87
2022-06-29 03:00:00-07:00,123,140,149,44,93,85,57.75,61.34,64.84,74.29
2022-06-29 04:00:00-07:00,215,239,229,75,191,146,57.25,61.51,65.67,74.55
2022-06-29 05:00:00-07:00,357,407,485,282,187,274,56.96,62.4,67.15,77.04
2022-06-29 06:00:00-07:00,512,618,820,803,233,299,58.77,64.12,67.82,77.06
2022-06-29 07:00:00-07:00,660,810,1031,1113,311,484,55.16,60.97,65.09,75.3
2022-06-29 08:00:00-07:00,701,817,1056,943,315,474,55.27,60.02,64.64,74.8
2022-06-29 09:00:00-07:00,731,789,1030,906,341,484,56.37,60.51,64.51,74.82
2022-06-29 10:00:00-07:00,791,895,1122,858,446,532,55.8,59.91,63.87,73.07
2022-06-29 11:00:00-07:00,951,946,1167,986,544,622,54.72,58.79,63.02,72.11
2022-06-29 12:00:00-07:00,1078,1183,1336,1326,661,725,53.67,57.65,61.65,70.27
2022-06-29 13:00:00-07:00,1227,1169,1315,1382,708,762,52.31,56.39,61.23,69.77
2022-06-29 14:00:00-07:00,1496,1557,1608,1780,884,1123,49.89,53.15,58.18,66.34
2022-06-29 15:00:00-07:00,1617,1715,1635,1827,1265,1193,42.86,46.79,51.64,59.09
2022-06-29 16:00:00-07:00,1551,1687,1654,1820,1300,1095,37.03,37.98,40.47,45.42
2022-06-29 17:00:00-07:00,1653,1732,1678,1874,1112,1209,39.77,42.18,45.93,51.92
2022-06-29 18:00:00-07:00,1524,1504,1515,1767,841,1062,47.72,50.17,54.63,61.1
2022-06-29 19:00:00-07:00,1140,1150,1316,1380,594,633,54.18,57.9,62.53,70.13
2022-06-29 20:00:00-07:00,849,836,1018,843,474,507,55.81,60.08,64.76,74.94
2022-06-29 21:00:00-07:00,671,765,907,773,375,382,55.15,59.54,63.86,73.6
2022-06-29 22:00:00-07:00,516,595,670,484,369,297,56.56,60.68,64.97,76.01
2022-06-29 23:00:00-07:00,403,378,421,238,374,244,56.95,61.21,65.37,74.69
2022-06-30 00:00:00-07:00,309,293,293,100,297,180,57.29,60.78,65.21,76
2022-06-30 01:00:00-07:00,212,261,213,79,145,150,56,61.58,66.32,76.56
2022-06-30 02:00:00-07:00,111,134,144,34,68,101,56.73,61.72,66.59,72.5
2022-06-30 03:00:00-07:00,131,119,108,36,102,107,56.27,61.57,64.19,74.69
2022-06-30 04:00:00-07:00,188,181,184,80,166,151,56.98,60.82,64.83,75.51
2022-06-30 05:00:00-07:00,300,359,442,294,174,242,59.37,62.14,67.77,78.01
2022-06-30 06:00:00-07:00,490,607,860,792,238,330,58.5,62.52,67.47,77.2
2022-06-30 07:00:00-07:00,697,809,1050,1072,317,473,55.77,60.83,64.86,75.25
2022-06-30 08:00:00-07:00,694,828,1059,963,303,475,55.7,59.77,63.69,73.55
2022-06-30 09:00:00-07:00,786,837,1074,862,395,508,54.67,59.37,63.38,73.58
2022-06-30 10:00:00-07:00,463,500,612,454,230,289,55.26,59.12,62.39,71.91
2022-06-30 11:00:00-07:00,,,,,0,0,,,,
2022-06-30 12:00:00-07:00,,,,,0,0,,,,
2022-06-30 13:00:00-07:00,,,,,0,0,,,,
2022-06-30 14:00:00-07:00,1278,1314,1373,1562,817,953,48.5,52.29,57.14,65.26
2022-06-30 15:00:00-07:00,1524,1618,1598,1762,1252,1177,38.47,40.21,42.61,47.01
2022-06-30 16:00:00-07:00,1535,1432,1660,1791,1337,1073,36.57,37.7,39.26,44.13
2022-06-30 17:00:00-07:00,1640,1468,1626,1734,1267,1036,34.84,34.72,36.87,40.23
2022-06-30 18:00:00-07:00,1604,1615,1568,1759,1055,1140,38.72,40.73,43.88,48.5
2022-06-30 19:00:00-07:00,1212,1292,1417,1689,684,602,53.48,57.72,61.5,69.29
2022-06-30 20:00:00-07:00,950,1013,1157,1131,551,530,54.51,58.93,63.55,72.26
2022-06-30 21:00:00-07:00,660,784,907,836,400,373,54.21,58.73,62.8,73.17
2022-06-30 22:00:00-07:00,572,665,776,459,434,261,53.51,58.03,61.48,71.54
2022-06-30 23:00:00-07:00,544,565,406,351,425,258,49.75,52.56,53,26.05
2022-07-01 00:00:00-07:00,306,346,345,139,319,156,56.65,60.88,65.95,75.69
2022-07-01 01:00:00-07:00,251,291,263,97,224,147,56.09,59.68,65.49,75.71
2022-07-01 02:00:00-07:00,127,208,169,50,76,115,58.26,62.46,66.23,76.9
2022-07-01 03:00:00-07:00,149,174,149,49,111,114,57.31,60.54,64.94,74.96
2022-07-01 04:00:00-07:00,225,188,226,88,172,140,55.78,60.18,66.85,77.33
2022-07-01 05:00:00-07:00,302,337,441,252,156,204,57.49,63.29,67.79,78.13
2022-07-01 06:00:00-07:00,434,594,766,636,206,305,57.09,63.3,66.97,76.99
2022-07-01 07:00:00-07:00,606,755,982,923,284,459,54.7,60.43,64.37,73.64
2022-07-01 08:00:00-07:00,665,743,995,845,329,488,56.02,60,64.04,73.46
2022-07-01 09:00:00-07:00,773,882,1059,957,393,536,54.22,58.36,61.91,69.47
2022-07-01 10:00:00-07:00,879,988,1193,1093,480,605,55.57,59.31,62.57,72.01
2022-07-01 11:00:00-07:00,1049,1120,1349,1388,607,735,54.23,58.21,61.75,69.94
2022-07-01 12:00:00-07:00,1209,1292,1435,1712,672,777,52.74,56.5,60,67.36
2022-07-01 13:00:00-07:00,1354,1416,1506,1765,796,956,50.39,53.57,58.15,65.72
2022-07-01 14:00:00-07:00,1552,1644,1648,1765,1125,1206,41.15,43.39,46.68,53.15
2022-07-01 15:00:00-07:00,1356,1540,1523,1650,1314,1034,34.21,34.63,35.33,39.52
2022-07-01 16:00:00-07:00,1466,1472,1653,1755,1237,1075,36.45,37.2,38.83,43.24
2022-07-01 17:00:00-07:00,1548,1541,1603,1739,973,1129,37.21,38.73,41.53,46.57
2022-07-01 18:00:00-07:00,1427,1422,1495,1744,602,974,48.76,52.38,56.12,63.32
2022-07-01 19:00:00-07:00,1182,1121,1269,1228,667,782,52.8,58,63.52,72.72
2022-07-01 20:00:00-07:00,875,893,1087,1002,511,459,55.08,59.62,63.64,72.89
2022-07-01 21:00:00-07:00,731,780,1009,879,503,382,54,58.43,62.56,71.49
2022-07-01 22:00:00-07:00,561,676,751,578,389,290,54.88,59.27,63.91,74.68
2022-07-01 23:00:00-07:00,479,525,620,393,377,241,55.56,60.45,64.38,74.68
2022-07-02 00:00:00-07:00,301,374,414,183,296,142,57.39,61.44,65.94,75.4
2022-07-02 01:00:00-07:00,207,296,277,105,195,95,57.65,61.9,65.7,75.48
2022-07-02 02:00:00-07:00,123,210,216,83,71,83,58.4,62.19,67.14,79.02
2022-07-02 03:00:00-07:00,121,150,141,52,85,65,57.52,62.35,67.9,76.84
2022-07-02 04:00:00-07:00,168,190,138,39,167,94,56.93,60.87,65.83,76.23
2022-07-02 05:00:00-07:00,207,234,263,76,130,112,58.2,62.4,64.98,77.21
2022-07-02 06:00:00-07:00,283,310,419,178,189,148,57.62,62.3,66.83,77.48
2022-07-02 07:00:00-07:00,424,478,640,340,266,207,57.41,61.78,66.18,76.77
2022-07-02 08:00:00-07:00,430,607,776,583,219,278,57.48,61.43,65.01,75.1
2022-07-02 09:00:00-07:00,673,848,1084,924,326,367,56.74,59.69,62.24,71.16
2022-07-02 10:00:00-07:00,690,865,1169,1045,360,460,56.48,60.65,63.41,72.85
2022-07-02 11:00:00-07:00,823,992,1299,1180,439,487,56.33,59.84,63.71,73.15
2022-07-02 12:00:00-07:00,957,1076,1394,1344,538,565,53.71,57.54,60.71,68.54
2022-07-02 13:00:00-07:00,1110,1197,1448,1418,640,648,51.4,56.1,59.19,66.33
2022-07-02 14:00:00-07:00,1171,1221,1479,1477,653,633,54.13,58.5,62.41,70.96
2022-07-02 15:00:00-07:00,1184,1206,1481,1366,575,705,53.99,58.06,62.2,71.33
2022-07-02 16:00:00-07:00,1051,1152,1379,1362,611,577,54.35,58.42,61.42,69.5
2022-07-02 17:00:00-07:00,929,1113,1341,1264,484,567,55.75,60.42,64.29,73.55
2022-07-02 18:00:00-07:00,882,1022,1214,1091,439,503,55.33,60.85,64.87,74.16
2022-07-02 19:00:00-07:00,787,921,1067,938,499,368,57.01,61.47,65.66,75.56
2022-07-02 20:00:00-07:00,636,771,947,745,365,254,56.99,61.19,65.38,74.88
2022-07-02 21:00:00-07:00,562,726,908,712,421,240,55.87,59.6,63.85,73.43
2022-07-02 22:00:00-07:00,390,628,789,552,271,167,56.45,60.63,63.85,74.23
2022-07-02 23:00:00-07:00,396,591,678,416,336,169,57.79,61.38,64.65,75.08
2022-07-03 00:00:00-07:00,178,338,473,294,189,122,54.13,55.14,57.72,64.54
2022-07-03 01:00:00-07:00,165,270,280,99,142,86,56.01,62.41,66.12,76.28
2022-07-03 02:00:00-07:00,106,206,217,74,45,73,57.97,63.55,66.29,74.94
2022-07-03 03:00:00-07:00,113,154,160,43,96,53,56.31,62.57,67.03,75.07
2022-07-03 04:00:00-07:00,136,155,136,27,155,45,56.96,60.8,65.97,78.08
2022-07-03 05:00:00-07:00,172,169,142,42,133,80,57.26,61.68,67.22,78.52
2022-07-03 06:00:00-07:00,218,224,233,79,187,104,57.85,63.14,67.97,78.48
2022-07-03 07:00:00-07:00,289,329,410,156,192,139,58.35,63.19,67.21,77.64
2022-07-03 08:00:00-07:00,356,421,574,284,229,210,57.84,62.07,66.75,76.39
2022-07-03 09:00:00-07:00,442,606,809,571,251,245,58.03,62.29,66.16,75.75
2022-07-03 10:00:00-07:00,595,788,961,801,318,361,57.54,61.79,64.91,75
2022-07-03 11:00:00-07:00,758,905,1234,1132,470,431,56.25,60.8,63.84,73.06
2022-07-03 12:00:00-07:00,1025,1096,1411,1316,537,654,54.41,59.16,62.67,71.21
2022-07-03 13:00:00-07:00,1086,1182,1443,1444,583,590,54.46,58.62,62.23,71.04
2022-07-03 14:00:00-07:00,1045,1163,1415,1375,639,575,54.98,59.18,63.08,72.57
2022-07-03 15:00:00-07:00,1054,1217,1375,1298,604,607,54.88,59.28,63.47,72.6
2022-07-03 16:00:00-07:00,919,1111,1283,1228,531,488,56.43,60.03,64.1,73.62
2022-07-03 17:00:00-07:00,868,1075,1239,1127,402,541,56.14,61.09,64.96,74.21
2022-07-03 18:00:00-07:00,830,986,1216,1118,438,512,56.58,61.37,65.06,74.46
2022-07-03 19:00:00-07:00,720,833,1034,872,520,307,56.9,61.56,65.28,74.68
2022-07-03 20:00:00-07:00,636,793,991,854,374,305,56.75,61.4,65.27,74.95
2022-07-03 21:00:00-07:00,528,657,825,644,359,245,56.32,60.51,64.31,73.94
2022-07-03 22:00:00-07:00,471,599,771,520,347,220,56.25,60.49,64.14,74.35
2022-07-03 23:00:00-07:00,340,459,588,346,289,171,56.79,60.98,64.96,75.07
2022-07-04 00:00:00-07:00,284,319,378,176,263,90,57.47,61.81,65.12,76.77
2022-07-04 01:00:00-07:00,185,226,244,82,136,92,57.24,62.62,65.04,76.38
2022-07-04 02:00:00-07:00,74,178,165,56,34,70,57.46,62.72,66.16,73.27
2022-07-04 03:00:00-07:00,101,135,143,37,80,73,56.27,61.7,66.57,77.03
2022-07-04 04:00:00-07:00,127,148,127,38,127,47,57.07,61.91,66.98,76.71
2022-07-04 05:00:00-07:00,179,177,162,46,130,104,57.41,63.13,67.4,78.5
2022-07-04 06:00:00-07:00,209,244,273,94,168,83,58.85,64.24,67.41,76.75
2022-07-04 07:00:00-07:00,328,321,428,186,227,162,58.95,63.13,68.16,80.46
2022-07-04 08:00:00-07:00,321,394,512,298,202,156,58.89,63.14,67.17,76.63
2022-07-04 09:00:00-07:00,463,508,710,430,260,219,58.82,62.5,66.03,76.18
2022-07-04 10:00:00-07:00,593,663,862,669,364,263,57.57,62.04,65.77,75.74
2022-07-04 11:00:00-07:00,725,785,1035,825,486,330,56.97,61.34,65.11,73.74
2022-07-04 12:00:00-07:00,868,975,1222,1076,540,462,55.78,60.46,64.03,73.56
2022-07-04 13:00:00-07:00,958,972,1333,1252,560,506,55.82,59.77,63.23,72.15
2022-07-04 14:00:00-07:00,871,1110,1331,1288,520,435,56.37,60.27,64.02,73.47
2022-07-04 15:00:00-07:00,928,1073,1321,1239,528,475,55.73,59.41,63.86,72.7
2022-07-04 16:00:00-07:00,792,1015,1185,1073,454,381,56.35,61.08,64.73,74.28
2022-07-04 17:00:00-07:00,686,929,1141,1036,392,339,57.23,61.83,65.31,75.1
2022-07-04 18:00:00-07:00,660,787,1065,862,366,328,58.22,63.14,66.77,76.73
2022-07-04 19:00:00-07:00,540,778,924,786,319,280,58.71,62.7,66.6,76.22
2022-07-04 20:00:00-07:00,524,639,842,601,278,272,58.28,61.81,65.82,75.59
2022-07-04 21:00:00-07:00,474,636,791,612,294,235,56.15,59.74,63.55,72.77
2022-07-04 22:00:00-07:00,418,640,776,598,260,224,55.91,60.52,64.33,74.49
2022-07-04 23:00:00-07:00,450,670,814,618,294,221,57.09,61.78,64.96,75.42
2022-07-05 00:00:00-07:00,258,380,462,245,196,120,57.43,62.57,65.88,77.27
